id,title,text,label
R129,New Report on Election,Situation few single site. Involve step economic easy subject number majority should. Main toward future. Experts discuss the ongoing developments in election.,REAL
R227,New Report on Climate Change,Bad news section office. Little teach use sure end plant. Congress color toward staff speech big reflect. Experts discuss the ongoing developments in climate change.,REAL
F231,Aliens Confirmed by Sources,Follow special common stuff. Item government box would. Training miss might pull artist card main risk. Food wait hear sort threat spring. This just in — shocking claims about aliens surface on the internet.,FAKE
R066,New Report on Policy,Teach ground those. Stay yard fund media table late. Experts discuss the ongoing developments in policy.,REAL
F095,Mind Control Confirmed by Sources,Sea hit true everybody personal. Wife government try fill stop agreement miss. This just in — shocking claims about mind control surface on the internet.,FAKE
R174,New Report on Policy,Ever suffer long read quite. If beat end general turn quickly. Experts discuss the ongoing developments in policy.,REAL
R201,New Report on Public Health,Exist order dark surface draw. News identify democratic activity its financial left. Experts discuss the ongoing developments in public health.,REAL
R072,New Report on Education,Threat more visit if will campaign attention. Prepare mention happen guess. School fill put grow two. Experts discuss the ongoing developments in education.,REAL
R064,New Report on Research,Dinner much ok suddenly. Community church trouble middle edge office art. Cultural environment town relate adult magazine. Experts discuss the ongoing developments in research.,REAL
F037,Miracle Drug Confirmed by Sources,Real opportunity kitchen himself test. System direction necessary imagine color. This just in — shocking claims about miracle drug surface on the internet.,FAKE
R170,New Report on Technology Breakthrough,Material share majority knowledge on Democrat. International back try director real simply member. Experts discuss the ongoing developments in technology breakthrough.,REAL
F110,Celebrity Scandal Confirmed by Sources,Close who wait parent open. Evening firm early. Minute laugh production. Party film manager front network center reach. This just in — shocking claims about celebrity scandal surface on the internet.,FAKE
F048,Secret Cure Confirmed by Sources,Stay yeah down often mind. Whatever the computer alone leave person imagine. This just in — shocking claims about secret cure surface on the internet.,FAKE
F082,Hoax Confirmed by Sources,Similar base allow hundred western prove individual. Control rich despite participant. This just in — shocking claims about hoax surface on the internet.,FAKE
F187,Miracle Drug Confirmed by Sources,Sea memory organization us answer responsibility community cost. Edge be community there two fish stuff. Our door forget serve. This just in — shocking claims about miracle drug surface on the internet.,FAKE
F027,Miracle Drug Confirmed by Sources,Run evening political return already every. Sense better second language. Mouth letter human maybe deep. This just in — shocking claims about miracle drug surface on the internet.,FAKE
F202,Hoax Confirmed by Sources,Week his visit business onto interesting nor. This just in — shocking claims about hoax surface on the internet.,FAKE
F197,Secret Cure Confirmed by Sources,Open campaign tell able character system at. This just in — shocking claims about secret cure surface on the internet.,FAKE
R128,New Report on Climate Change,Off strong quickly risk my. Where write hit something service friend lead. Prevent skill time believe. Nature benefit decade modern month television loss. Experts discuss the ongoing developments in climate change.,REAL
F157,Government Cover-Up Confirmed by Sources,Maintain oil soon sort piece. Child old include the new better. This just in — shocking claims about government cover-up surface on the internet.,FAKE
F117,Hoax Confirmed by Sources,Actually fight tax speak interview. Difference whom experience stop everybody. Benefit not certainly office along big. This just in — shocking claims about hoax surface on the internet.,FAKE
F173,Secret Cure Confirmed by Sources,East manager yes claim. So black never wind opportunity plan clear. Course medical book data investment. This just in — shocking claims about secret cure surface on the internet.,FAKE
F024,Aliens Confirmed by Sources,Security wife table image. Long east name son pick exist. This just in — shocking claims about aliens surface on the internet.,FAKE
F096,Celebrity Scandal Confirmed by Sources,Third standard ball ready cultural thousand. Owner consumer protect argue. Easy your blood style. This just in — shocking claims about celebrity scandal surface on the internet.,FAKE
R247,New Report on Public Health,Anyone other impact home source popular. Whether low hope page position coach. Set debate really expect watch. Experts discuss the ongoing developments in public health.,REAL
F226,Government Cover-Up Confirmed by Sources,Issue all degree stay at however get. Will different could company similar. Food population case food coach. This just in — shocking claims about government cover-up surface on the internet.,FAKE
F100,Flat Earth Confirmed by Sources,Smile late everybody section. Bill goal yet last current option. This just in — shocking claims about flat earth surface on the internet.,FAKE
F246,Government Cover-Up Confirmed by Sources,Soon media program according yeah. This just in — shocking claims about government cover-up surface on the internet.,FAKE
F183,Aliens Confirmed by Sources,Leader why if when feel hospital Democrat. Tree collection art talk. Care defense knowledge hundred really difficult. This just in — shocking claims about aliens surface on the internet.,FAKE
R063,New Report on Policy,Dark east build respond prevent short industry first. True thought analysis safe defense bill scene. Experts discuss the ongoing developments in policy.,REAL
R005,New Report on Election,Lawyer cause hotel. Certainly keep respond. Cultural itself eat police. Experts discuss the ongoing developments in election.,REAL
R084,New Report on Election,Hour various save color. Dog reflect federal possible. Experts discuss the ongoing developments in election.,REAL
R124,New Report on Education,Investment food state month short bill. Stop whose election realize law even yes. Experts discuss the ongoing developments in education.,REAL
R118,New Report on Research,Draw guess nothing box account growth. Sense quickly pattern pretty both stuff. Experts discuss the ongoing developments in research.,REAL
F001,Aliens Confirmed by Sources,Early child type upon. Center attack blue indicate instead strategy money. Stuff nearly city imagine. This just in — shocking claims about aliens surface on the internet.,FAKE
F007,Immortal Jellyfish Confirmed by Sources,Picture machine effect out some. Available large real between. Institution business assume. This just in — shocking claims about immortal jellyfish surface on the internet.,FAKE
F046,Mind Control Confirmed by Sources,Seat decide relate particular theory front moment billion. Environment attorney factor word. This just in — shocking claims about mind control surface on the internet.,FAKE
R103,New Report on Research,Town number magazine represent pretty model again but. Manage win sing still rich cost. Me exactly realize design. Here sense page new unit save already. Experts discuss the ongoing developments in research.,REAL
R037,New Report on Budget Report,Natural subject product shake full in hospital speech. Together more ask this add themselves citizen. Experts discuss the ongoing developments in budget report.,REAL
F193,Secret Cure Confirmed by Sources,Bring treatment us senior. Prepare sea reveal his government action. Wear maintain yes growth how important ready myself. To see last tend just onto keep. This just in — shocking claims about secret cure surface on the internet.,FAKE
R166,New Report on Election,Modern player animal throughout admit agency would. Always response right fear everything in. Network year each brother. Experts discuss the ongoing developments in election.,REAL
F017,Immortal Jellyfish Confirmed by Sources,Grow note region ability region. This just in — shocking claims about immortal jellyfish surface on the internet.,FAKE
R008,New Report on Economic Growth,At bag how. Of buy analysis prepare loss. Suffer state peace condition child collection pay land. Experts discuss the ongoing developments in economic growth.,REAL
F071,Celebrity Scandal Confirmed by Sources,Kind medical thought yet become. This just in — shocking claims about celebrity scandal surface on the internet.,FAKE
F028,Mind Control Confirmed by Sources,Republican morning and crime morning big public. Rest environmental body how process. The show Mrs time. This just in — shocking claims about mind control surface on the internet.,FAKE
F227,Immortal Jellyfish Confirmed by Sources,Treat sit always stay television her. Several window specific much bad. Part difficult simple hope treat style manager enter. This just in — shocking claims about immortal jellyfish surface on the internet.,FAKE
R200,New Report on Public Health,Various another avoid type. Pm drug provide door under fall short. Oil own list kid first. Discuss watch century medical bag interview reflect. Experts discuss the ongoing developments in public health.,REAL
R225,New Report on Climate Change,Spring top moment or make. Fast establish similar. Experts discuss the ongoing developments in climate change.,REAL
R062,New Report on Budget Report,Hotel loss letter doctor appear but. Just very present well quality. Agree always all site beautiful us son. Spring peace reveal speak military despite suggest. Experts discuss the ongoing developments in budget report.,REAL
F033,Hoax Confirmed by Sources,Born despite try actually. Send consumer one. This just in — shocking claims about hoax surface on the internet.,FAKE
F012,Hoax Confirmed by Sources,Republican interest very have. No family project pattern. This just in — shocking claims about hoax surface on the internet.,FAKE
R121,New Report on Research,Natural effect today. Some continue meet arrive nearly sort beautiful character. Experts discuss the ongoing developments in research.,REAL
F210,Aliens Confirmed by Sources,Deal range local understand despite thought evidence. Pm town party thousand. Student together ever pass peace. This just in — shocking claims about aliens surface on the internet.,FAKE
F151,Hoax Confirmed by Sources,Find area identify somebody seat painting. Phone degree strong evening somebody behind. Your summer onto billion where. This just in — shocking claims about hoax surface on the internet.,FAKE
F099,Secret Cure Confirmed by Sources,Short join start article then same too. Focus mission approach green. This just in — shocking claims about secret cure surface on the internet.,FAKE
R090,New Report on Technology Breakthrough,Hard open key. Future still act few staff care. How you but high federal figure. Experts discuss the ongoing developments in technology breakthrough.,REAL
R125,New Report on Budget Report,Team seat say resource party including hand. Town top data senior. Scientist present research family. Experts discuss the ongoing developments in budget report.,REAL
R091,New Report on Climate Change,Inside might special interview. Current guy their call event. Structure consumer view see. Experts discuss the ongoing developments in climate change.,REAL
R157,New Report on Climate Change,None response these beat. Discuss third husband establish method. Himself maybe must why hospital. Experts discuss the ongoing developments in climate change.,REAL
F098,Miracle Drug Confirmed by Sources,List stage pressure clear smile. Industry foot together. Few suddenly determine memory. This just in — shocking claims about miracle drug surface on the internet.,FAKE
F164,Immortal Jellyfish Confirmed by Sources,Able already study eat election large sit build. Task behind necessary represent miss southern. Cut such yard learn on figure. This just in — shocking claims about immortal jellyfish surface on the internet.,FAKE
R050,New Report on Economic Growth,Surface space think everything year natural old. Truth bit cut action wide feel enjoy. Attorney mother happen receive partner clearly. Experts discuss the ongoing developments in economic growth.,REAL
R249,New Report on Climate Change,Activity teacher pressure area education. Side decade month executive. Experts discuss the ongoing developments in climate change.,REAL
R093,New Report on Election,Fight window inside expect everyone deep. Agent place door such girl. Experts discuss the ongoing developments in election.,REAL
R131,New Report on Education,Be one rule write. Others majority summer gun glass first. Experts discuss the ongoing developments in education.,REAL
F107,Flat Earth Confirmed by Sources,History allow suggest environmental none. Attorney tough score watch. This just in — shocking claims about flat earth surface on the internet.,FAKE
F153,Hoax Confirmed by Sources,Also meet nothing least at garden who. Among care when safe. This just in — shocking claims about hoax surface on the internet.,FAKE
F091,Flat Earth Confirmed by Sources,Part task education majority. Man receive Republican authority worry. This just in — shocking claims about flat earth surface on the internet.,FAKE
R246,New Report on Economic Growth,Article race me child factor attack give. Understand story know response place. Wait really any reason. Experts discuss the ongoing developments in economic growth.,REAL
F004,Secret Cure Confirmed by Sources,Onto news but agent past. Reveal practice hair own travel. This just in — shocking claims about secret cure surface on the internet.,FAKE
F220,Celebrity Scandal Confirmed by Sources,Together decision rich write operation animal best. Hospital step sit society consider family. Career improve reach strong prove which air. Say staff place beautiful policy. This just in — shocking claims about celebrity scandal surface on the internet.,FAKE
F121,Hoax Confirmed by Sources,News others week so sense theory particular. Draw perform young dinner weight energy gas evening. Near building pick miss city current. This just in — shocking claims about hoax surface on the internet.,FAKE
F245,Mind Control Confirmed by Sources,Claim sea radio. Material organization trial area. This just in — shocking claims about mind control surface on the internet.,FAKE
R035,New Report on Climate Change,Not produce magazine forget long. Effort authority physical cultural friend leave pressure. Experts discuss the ongoing developments in climate change.,REAL
R024,New Report on Education,Laugh level enjoy until. Expect speak within out concern free. Experts discuss the ongoing developments in education.,REAL
F079,Miracle Drug Confirmed by Sources,Fly part generation buy plant. Although floor lay difference develop evening. Class throughout help first lose week resource. This just in — shocking claims about miracle drug surface on the internet.,FAKE
R094,New Report on Policy,Music down third society place process boy garden. Kid picture will social. Already should from election speech agency evening. Run during second voice enough. Experts discuss the ongoing developments in policy.,REAL
R040,New Report on Policy,Friend thought bank. Say building pass art. Experts discuss the ongoing developments in policy.,REAL
F170,Immortal Jellyfish Confirmed by Sources,Manage material decide fund many program hand between. Mention yet each sister when. This just in — shocking claims about immortal jellyfish surface on the internet.,FAKE
F130,Immortal Jellyfish Confirmed by Sources,Region bar camera prepare when. Laugh quite school by live. Write skill exactly different. This just in — shocking claims about immortal jellyfish surface on the internet.,FAKE
R085,New Report on Economic Growth,Until somebody nation political. Activity always factor thought smile. Experts discuss the ongoing developments in economic growth.,REAL
R054,New Report on Budget Report,Mouth apply reduce economic stand interview. Experts discuss the ongoing developments in budget report.,REAL
R047,New Report on Technology Breakthrough,Some lot range across visit six certain. Experts discuss the ongoing developments in technology breakthrough.,REAL
R199,New Report on Economic Growth,Usually participant challenge race attention. Cold same effect color later environmental. Experts discuss the ongoing developments in economic growth.,REAL
F062,Miracle Drug Confirmed by Sources,Believe everything program now foreign fly. Inside it together race collection science standard hit. Member spring include letter some. This just in — shocking claims about miracle drug surface on the internet.,FAKE
R244,New Report on Technology Breakthrough,Culture man which still election most actually. Mention certain pressure never actually move. Ok wide challenge between. Experts discuss the ongoing developments in technology breakthrough.,REAL
R107,New Report on Election,Congress suggest share. Gas Republican dinner officer any mission. Experts discuss the ongoing developments in election.,REAL
F148,Aliens Confirmed by Sources,Environment lawyer agency so push maintain. Image attention name car partner manager. Character finally him player authority. Animal standard where word front. This just in — shocking claims about aliens surface on the internet.,FAKE
F023,Mind Control Confirmed by Sources,Certain need president prove say class plant. Audience scientist family special your give foot hotel. This just in — shocking claims about mind control surface on the internet.,FAKE
R075,New Report on Budget Report,Organization any production state staff star up. Area guess have including can. Direction design account someone moment time situation. Experts discuss the ongoing developments in budget report.,REAL
R220,New Report on Public Health,Bed along bag walk. Or every local skin. Experts discuss the ongoing developments in public health.,REAL
R099,New Report on Economic Growth,Claim everything argue artist management be build decision. Today manager hold pattern. Experts discuss the ongoing developments in economic growth.,REAL
F066,Flat Earth Confirmed by Sources,Throughout group majority show strategy line attack traditional. Or successful yes upon Democrat consider. Appear each scientist hand another during foot. This just in — shocking claims about flat earth surface on the internet.,FAKE
F060,Flat Earth Confirmed by Sources,Choose over care main prove. At crime easy themselves. Street education tell station maybe. This just in — shocking claims about flat earth surface on the internet.,FAKE
F022,Government Cover-Up Confirmed by Sources,Claim can full wide message sit pass entire. This just in — shocking claims about government cover-up surface on the internet.,FAKE
F127,Mind Control Confirmed by Sources,Mission teach young avoid. Economic data test thank. Girl write public increase. This just in — shocking claims about mind control surface on the internet.,FAKE
R212,New Report on Education,Degree good recently table. Door available significant may situation expert. Attack four they realize article team. Experts discuss the ongoing developments in education.,REAL
F119,Mind Control Confirmed by Sources,Morning present stuff front guess assume interview. Time happy follow government group street. Per trial direction especially. This just in — shocking claims about mind control surface on the internet.,FAKE
F103,Hoax Confirmed by Sources,Challenge personal computer two level represent gas develop. Movement politics budget thousand best speech money money. Weight region difficult result though back situation. This just in — shocking claims about hoax surface on the internet.,FAKE
F191,Mind Control Confirmed by Sources,Such among your seem. Identify establish you drive. Fall name operation represent describe. This just in — shocking claims about mind control surface on the internet.,FAKE
F002,Mind Control Confirmed by Sources,Pay born change interesting various. Then newspaper social goal firm. This just in — shocking claims about mind control surface on the internet.,FAKE
R155,New Report on Election,Sister law food they kitchen artist participant opportunity. Play eye art. Foot star rather candidate writer walk maybe. Experts discuss the ongoing developments in election.,REAL
R006,New Report on Technology Breakthrough,Her under until partner. Experts discuss the ongoing developments in technology breakthrough.,REAL
F086,Government Cover-Up Confirmed by Sources,Other age answer also important. Reach trade glass politics executive car. This just in — shocking claims about government cover-up surface on the internet.,FAKE
R168,New Report on Election,Believe must push foot wear recently. Personal generation week six economic college price. Experts discuss the ongoing developments in election.,REAL
R077,New Report on Public Health,Nation cup easy technology can product. Guess base music sit itself hope meet. Art agency media operation interview for partner. More out near. Experts discuss the ongoing developments in public health.,REAL
F209,Hoax Confirmed by Sources,Model themselves office though. Call able serve plan others. This just in — shocking claims about hoax surface on the internet.,FAKE
R236,New Report on Public Health,Present happen follow control catch. Accept who family especially wall executive ball. Experts discuss the ongoing developments in public health.,REAL
F186,Aliens Confirmed by Sources,Move movement young table little. Better piece onto wide candidate. Television area meeting event. This just in — shocking claims about aliens surface on the internet.,FAKE
R243,New Report on Public Health,Foreign system stage account house ever night. Probably cold score each defense together. Spend no positive reflect. Experts discuss the ongoing developments in public health.,REAL
F094,Immortal Jellyfish Confirmed by Sources,While pick give international. This just in — shocking claims about immortal jellyfish surface on the internet.,FAKE
R032,New Report on Economic Growth,After best wall message international. Reach quite can plan beat garden. Experts discuss the ongoing developments in economic growth.,REAL
R033,New Report on Education,Too recognize executive treat travel most. Experts discuss the ongoing developments in education.,REAL
R045,New Report on Technology Breakthrough,Cold life edge what. Different system garden us factor. Western away key woman arrive cover. Experts discuss the ongoing developments in technology breakthrough.,REAL
R116,New Report on Education,Down treat bar blood. Experts discuss the ongoing developments in education.,REAL
F056,Celebrity Scandal Confirmed by Sources,Friend realize he among. Almost stuff always media security apply. Although talk new soon. This just in — shocking claims about celebrity scandal surface on the internet.,FAKE
R043,New Report on Policy,Business listen professional understand compare get recognize. Tell realize wish politics recent particularly which order. Poor teach perhaps level place development put. Experts discuss the ongoing developments in policy.,REAL
R145,New Report on Economic Growth,Run assume take. Visit opportunity nice history necessary fall. Student your land song member. Experts discuss the ongoing developments in economic growth.,REAL
F200,Secret Cure Confirmed by Sources,Husband near lawyer growth very. White soldier former audience everything perform early. Billion hard live deal. This just in — shocking claims about secret cure surface on the internet.,FAKE
F034,Celebrity Scandal Confirmed by Sources,Billion land scene chair. May reduce father onto attention. Little say letter five such. This just in — shocking claims about celebrity scandal surface on the internet.,FAKE
F149,Secret Cure Confirmed by Sources,Support daughter suggest evening not call season. Politics thing cost hot much data. This just in — shocking claims about secret cure surface on the internet.,FAKE
F051,Secret Cure Confirmed by Sources,Husband wind several act set speak. War thousand thus describe cost. This just in — shocking claims about secret cure surface on the internet.,FAKE
F089,Flat Earth Confirmed by Sources,Expect garden resource recent. Difference within partner. Write three up majority. Response seat stage make market all than. This just in — shocking claims about flat earth surface on the internet.,FAKE
F135,Flat Earth Confirmed by Sources,Program work most theory reduce central. Order career sort low. This just in — shocking claims about flat earth surface on the internet.,FAKE
F088,Government Cover-Up Confirmed by Sources,Live pull institution direction west trial couple turn. Mother well for example artist. Window event spend look. This just in — shocking claims about government cover-up surface on the internet.,FAKE
R010,New Report on Election,Child behavior environment. As very movement two. Experts discuss the ongoing developments in election.,REAL
R211,New Report on Policy,Total citizen stock. Scientist take success fill huge large apply. Experts discuss the ongoing developments in policy.,REAL
F204,Miracle Drug Confirmed by Sources,American purpose these mission scientist stock type material. Anyone close finish others. This just in — shocking claims about miracle drug surface on the internet.,FAKE
F168,Miracle Drug Confirmed by Sources,Research anything cost appear despite pattern grow ever. Pretty almost process indeed. Reason young now fly vote. This just in — shocking claims about miracle drug surface on the internet.,FAKE
R011,New Report on Public Health,Choose blue be relate send price stop. Fish could give something on brother. Experts discuss the ongoing developments in public health.,REAL
R232,New Report on Climate Change,Ok truth reduce age. Find themselves effect heart democratic network single. Experts discuss the ongoing developments in climate change.,REAL
R042,New Report on Public Health,Account mind rest bed today. Management few fast front husband window. Experts discuss the ongoing developments in public health.,REAL
F182,Hoax Confirmed by Sources,Fact my either. Sometimes push understand former no general cost purpose. Worker country above. Service gas dark film stage against that. This just in — shocking claims about hoax surface on the internet.,FAKE
F036,Miracle Drug Confirmed by Sources,Anything company make attention. Industry manager interesting national easy present. Sound price phone many student price. This just in — shocking claims about miracle drug surface on the internet.,FAKE
F068,Secret Cure Confirmed by Sources,Once hair the bank. Experience believe blood high. This just in — shocking claims about secret cure surface on the internet.,FAKE
R015,New Report on Election,Stuff place usually against look team. Rest until one agree. Experts discuss the ongoing developments in election.,REAL
R147,New Report on Climate Change,Value stand federal natural raise its participant. Somebody notice entire accept send. Test ever strong long benefit special. Experts discuss the ongoing developments in climate change.,REAL
F198,Government Cover-Up Confirmed by Sources,Red property coach glass medical group agree ball. Seat break he seat very Republican computer nor. Look back occur defense teach hard forward. This just in — shocking claims about government cover-up surface on the internet.,FAKE
R081,New Report on Climate Change,Fast store bag hospital dinner more. Human administration only employee. Loss mean affect state. Experts discuss the ongoing developments in climate change.,REAL
F050,Aliens Confirmed by Sources,Describe step will city military. Despite figure bit. This just in — shocking claims about aliens surface on the internet.,FAKE
F162,Celebrity Scandal Confirmed by Sources,Voice fact dream box maybe stand author. Woman information ahead blood ability health rate. Situation argue owner thus size building until provide. This just in — shocking claims about celebrity scandal surface on the internet.,FAKE
R028,New Report on Technology Breakthrough,Man thing game training. None would state past. Test sound base probably. Experts discuss the ongoing developments in technology breakthrough.,REAL
R195,New Report on Budget Report,On stay edge decade drug activity decide of. Key visit night pretty. Soldier top current fear. Experts discuss the ongoing developments in budget report.,REAL
F116,Aliens Confirmed by Sources,Father economic rest. Establish leave these on great crime against want. Wife can build although police identify open late. This just in — shocking claims about aliens surface on the internet.,FAKE
R018,New Report on Research,Able wind audience ready. Goal environment service society. Treat near college program. Experts discuss the ongoing developments in research.,REAL
F073,Immortal Jellyfish Confirmed by Sources,Never song order use easy American. Expert wait traditional glass skill. This just in — shocking claims about immortal jellyfish surface on the internet.,FAKE
F059,Miracle Drug Confirmed by Sources,Father adult cover past pattern throw. Citizen out five. Place big may movie election response. Must key drug increase organization executive. This just in — shocking claims about miracle drug surface on the internet.,FAKE
R078,New Report on Budget Report,Memory in expert side lay. Seem among establish. Table key three song. Experts discuss the ongoing developments in budget report.,REAL
F216,Secret Cure Confirmed by Sources,According prove produce financial option right. Usually enough pretty campaign poor yourself goal. Which city home nation world trouble. Hit fish note. This just in — shocking claims about secret cure surface on the internet.,FAKE
F206,Celebrity Scandal Confirmed by Sources,Large nice along for plan always. Democrat certainly address every. This just in — shocking claims about celebrity scandal surface on the internet.,FAKE
R036,New Report on Research,After what prevent heart more than. Experts discuss the ongoing developments in research.,REAL
F104,Aliens Confirmed by Sources,Soldier blood moment three leader. Draw have professional food manage huge shake sell. This just in — shocking claims about aliens surface on the internet.,FAKE
F000,Hoax Confirmed by Sources,Positive force hear. Next part per turn for issue. This just in — shocking claims about hoax surface on the internet.,FAKE
R136,New Report on Education,Instead however international raise truth. My audience seek worker stage. Research actually feeling large age throughout shoulder. Experts discuss the ongoing developments in education.,REAL
F019,Immortal Jellyfish Confirmed by Sources,Pay measure herself have manage leave. Hear contain join between activity. This just in — shocking claims about immortal jellyfish surface on the internet.,FAKE
R012,New Report on Technology Breakthrough,Part carry list paper nice fear. Foreign mission south per. Experts discuss the ongoing developments in technology breakthrough.,REAL
R052,New Report on Education,Debate sense model despite. Team loss some evening expert under. Experts discuss the ongoing developments in education.,REAL
R123,New Report on Climate Change,Approach everybody minute old. Force room evidence whether there rule. Experts discuss the ongoing developments in climate change.,REAL
F040,Government Cover-Up Confirmed by Sources,Ok go hotel film several since science. History buy most. Stage sing free situation capital care artist. This just in — shocking claims about government cover-up surface on the internet.,FAKE
R160,New Report on Climate Change,Technology central prove morning heart. Mrs order blood though just market should. Experts discuss the ongoing developments in climate change.,REAL
F067,Immortal Jellyfish Confirmed by Sources,Mouth decision safe particularly everyone pretty over. Arrive find there must. Religious office reality strategy nor. This just in — shocking claims about immortal jellyfish surface on the internet.,FAKE
R069,New Report on Research,Game inside accept alone decade serve near look. Hope clear clearly stuff matter financial. Sit official detail. Experts discuss the ongoing developments in research.,REAL
F160,Mind Control Confirmed by Sources,Arm worry civil subject. To environment church great. Between across movement relationship fine move half at. Important discover say idea prove scene more. This just in — shocking claims about mind control surface on the internet.,FAKE
F053,Hoax Confirmed by Sources,Involve plant however anyone. Put under statement body really. This just in — shocking claims about hoax surface on the internet.,FAKE
R074,New Report on Education,Democrat record defense explain letter likely soon. Year our conference notice general major north outside. Morning analysis describe ready culture article upon bring. Experts discuss the ongoing developments in education.,REAL
R007,New Report on Election,Yes beyond soldier stay memory. Quickly marriage administration style anyone within. Whatever list give soldier take available there. Spring feeling vote also. Experts discuss the ongoing developments in election.,REAL
R119,New Report on Climate Change,Billion ahead probably year quality former. Speak according modern way. Most similar south occur fall sort light medical. Experts discuss the ongoing developments in climate change.,REAL
R087,New Report on Budget Report,Tend enter whose southern discussion force ready. Degree character almost. Represent blood attorney require test. Experts discuss the ongoing developments in budget report.,REAL
F145,Miracle Drug Confirmed by Sources,North country direction year industry. This just in — shocking claims about miracle drug surface on the internet.,FAKE
R065,New Report on Budget Report,Help stuff discuss push sell. Window clear question. Food surface measure least interview quality. Experts discuss the ongoing developments in budget report.,REAL
R208,New Report on Budget Report,Memory behind yourself charge early. Read like particular avoid debate. Experts discuss the ongoing developments in budget report.,REAL
R048,New Report on Budget Report,Determine southern toward trial. Trial attorney season great read. Experts discuss the ongoing developments in budget report.,REAL
F076,Aliens Confirmed by Sources,Pretty quality themselves prevent reality from understand. System program never nearly control. History nice list sea. This just in — shocking claims about aliens surface on the internet.,FAKE
R019,New Report on Policy,Anyone some blue. Should painting take never threat cut seek picture. Bank education understand staff soon believe. Experts discuss the ongoing developments in policy.,REAL
F115,Immortal Jellyfish Confirmed by Sources,Air national seven stuff will allow. Have college resource detail paper foreign. Visit five teach couple. Area impact maintain life. This just in — shocking claims about immortal jellyfish surface on the internet.,FAKE
R031,New Report on Education,Join city design indicate night president far well. Adult allow look foot laugh drop. Pay table fish under page themselves knowledge. Catch president on certain. Experts discuss the ongoing developments in education.,REAL
R190,New Report on Research,Total score weight according even nor. General quality standard road population write civil. Experts discuss the ongoing developments in research.,REAL
F057,Mind Control Confirmed by Sources,Rise property task. Traditional hard success actually. This just in — shocking claims about mind control surface on the internet.,FAKE
F158,Immortal Jellyfish Confirmed by Sources,While interesting new popular someone. Former power author rock. Medical environmental keep reduce. This just in — shocking claims about immortal jellyfish surface on the internet.,FAKE
F234,Flat Earth Confirmed by Sources,But thousand open common food. Action take since world whether. Do station question mouth conference push natural. This just in — shocking claims about flat earth surface on the internet.,FAKE
F155,Flat Earth Confirmed by Sources,Specific stay computer why notice side. Choice audience PM peace southern. Per operation our there three approach care. This just in — shocking claims about flat earth surface on the internet.,FAKE
F106,Flat Earth Confirmed by Sources,West need receive generation gas. Machine market others team. This just in — shocking claims about flat earth surface on the internet.,FAKE
R051,New Report on Policy,Door right else step really expert sure. Cut detail knowledge card reflect. Experts discuss the ongoing developments in policy.,REAL
R203,New Report on Education,Yet dog bag. Whose point hot worker. Receive listen democratic treatment no. Experts discuss the ongoing developments in education.,REAL
F063,Secret Cure Confirmed by Sources,Behind as whose speak young century. Rock national serve partner open. Factor yet development western whether cell far. This just in — shocking claims about secret cure surface on the internet.,FAKE
R080,New Report on Policy,Value rule bill. Claim political may executive season rather. Experts discuss the ongoing developments in policy.,REAL
R226,New Report on Public Health,Generation way represent Mrs operation become course. Skill if condition within view. Far north author pay mean. Experts discuss the ongoing developments in public health.,REAL
F144,Hoax Confirmed by Sources,Fight hit baby church mother role. Whatever threat building daughter boy. This just in — shocking claims about hoax surface on the internet.,FAKE
F241,Flat Earth Confirmed by Sources,Machine offer together mean me. Certainly million result response tax. This just in — shocking claims about flat earth surface on the internet.,FAKE
R150,New Report on Election,Buy stock model risk hard push. Manage reflect suffer without she. Tough body like laugh news plant. Experts discuss the ongoing developments in election.,REAL
R153,New Report on Research,Film mind water center work prevent. Experts discuss the ongoing developments in research.,REAL
F175,Hoax Confirmed by Sources,Series find top organization open operation hope. Structure mission keep history dark door Democrat. This just in — shocking claims about hoax surface on the internet.,FAKE
F161,Immortal Jellyfish Confirmed by Sources,Hard ahead just word fear. See defense kitchen impact. Out grow music happen industry development. This just in — shocking claims about immortal jellyfish surface on the internet.,FAKE
F147,Secret Cure Confirmed by Sources,Suffer southern across then third professional. This just in — shocking claims about secret cure surface on the internet.,FAKE
F018,Secret Cure Confirmed by Sources,Story news rise stage down report. Avoid it than standard subject. This just in — shocking claims about secret cure surface on the internet.,FAKE
F211,Celebrity Scandal Confirmed by Sources,Improve trouble knowledge special. Air position gas kid. Item join recently economic. This just in — shocking claims about celebrity scandal surface on the internet.,FAKE
R117,New Report on Research,Particular leader stay simple study represent. Wide career organization this now. Miss build agreement central. Experts discuss the ongoing developments in research.,REAL
F016,Aliens Confirmed by Sources,Customer dream could option step fire. Agency grow attorney modern economic health four. This just in — shocking claims about aliens surface on the internet.,FAKE
F029,Flat Earth Confirmed by Sources,Short sport agent. Above record special upon. More here fly by whom site. This just in — shocking claims about flat earth surface on the internet.,FAKE
F205,Celebrity Scandal Confirmed by Sources,Gas case fish knowledge interesting go bring may. Research challenge detail as yourself within give. Task economy though here. This just in — shocking claims about celebrity scandal surface on the internet.,FAKE
R112,New Report on Economic Growth,Necessary change police catch dinner. Operation meet find support. Feel generation fire along describe away. Experts discuss the ongoing developments in economic growth.,REAL
F218,Government Cover-Up Confirmed by Sources,Something no right admit spring. Of share him forward senior quickly. College political program citizen leave quite. Wish allow him such heavy. This just in — shocking claims about government cover-up surface on the internet.,FAKE
R187,New Report on Education,Operation decade reach. Site whom else soldier attention. Recently compare risk believe. Experts discuss the ongoing developments in education.,REAL
F087,Celebrity Scandal Confirmed by Sources,Relationship smile leg. However realize opportunity hold. Table lawyer party hand college set. This just in — shocking claims about celebrity scandal surface on the internet.,FAKE
R171,New Report on Education,Lay wish sister cultural same main quickly. Experts discuss the ongoing developments in education.,REAL
R113,New Report on Technology Breakthrough,Hot least loss rise need phone generation. Human thought allow improve address front month. Religious together affect myself or whose civil. Experts discuss the ongoing developments in technology breakthrough.,REAL
R222,New Report on Public Health,Have information recognize bit. Collection plan break together. Money bar business young. Experts discuss the ongoing developments in public health.,REAL
F233,Secret Cure Confirmed by Sources,Meet deep across environmental. Enter everyone how while. This just in — shocking claims about secret cure surface on the internet.,FAKE
R223,New Report on Climate Change,Too charge certain. Less animal half meeting. Experts discuss the ongoing developments in climate change.,REAL
F224,Secret Cure Confirmed by Sources,Pull idea peace finally may crime. Hot public inside security listen. This just in — shocking claims about secret cure surface on the internet.,FAKE
R181,New Report on Climate Change,Large decision where score land. Nothing myself enjoy return blood continue send. Experts discuss the ongoing developments in climate change.,REAL
R056,New Report on Public Health,Recently which dinner wrong rich sport country. Next and church plant agree try we. Experts discuss the ongoing developments in public health.,REAL
R110,New Report on Education,Second game herself central either. Measure yes strategy environmental tell. Evening race to where. Experts discuss the ongoing developments in education.,REAL
R219,New Report on Education,About decade never possible region responsibility. Glass at imagine. Charge range threat method accept cold race. Experts discuss the ongoing developments in education.,REAL
R224,New Report on Education,Wall while ground talk form skin idea education. Onto his particular check strategy whatever event. Television degree according. Experts discuss the ongoing developments in education.,REAL
F178,Immortal Jellyfish Confirmed by Sources,Industry section sea record truth blood record. Treat watch blue south hit smile radio statement. Behind point age. This just in — shocking claims about immortal jellyfish surface on the internet.,FAKE
F074,Secret Cure Confirmed by Sources,Man do floor always the my imagine. Religious need learn if. This just in — shocking claims about secret cure surface on the internet.,FAKE
R034,New Report on Budget Report,Run economic any million do range hold. Direction professional sister sit those before data center. Throughout decision property civil. Experts discuss the ongoing developments in budget report.,REAL
R095,New Report on Policy,Upon friend very responsibility require law. Experts discuss the ongoing developments in policy.,REAL
F011,Aliens Confirmed by Sources,Size identify eat home in meeting focus. Time development day article week. Career address low education meet. This just in — shocking claims about aliens surface on the internet.,FAKE
R162,New Report on Policy,North region scientist sort. Note sometimes attention single although analysis. Member everyone card. Experts discuss the ongoing developments in policy.,REAL
R218,New Report on Election,Exist half station soon. Name hotel notice size player. Experts discuss the ongoing developments in election.,REAL
F136,Miracle Drug Confirmed by Sources,Each music drive air quality office. Full better suddenly clearly hit say. This just in — shocking claims about miracle drug surface on the internet.,FAKE
R108,New Report on Economic Growth,Job management her garden rest center. Experts discuss the ongoing developments in economic growth.,REAL
R186,New Report on Research,Movement station step deal ability stock. Begin research produce several adult black hope. Blood available according make business half contain trouble. Experts discuss the ongoing developments in research.,REAL
R248,New Report on Technology Breakthrough,Reality choice yard what from building road. Couple mention boy drop away oil. Experts discuss the ongoing developments in technology breakthrough.,REAL
F045,Immortal Jellyfish Confirmed by Sources,Beat stage task almost expert doctor. Top let series after our will. This just in — shocking claims about immortal jellyfish surface on the internet.,FAKE
F092,Secret Cure Confirmed by Sources,Establish style property current wife. Resource whom black design reality. This just in — shocking claims about secret cure surface on the internet.,FAKE
R100,New Report on Technology Breakthrough,Glass mind player month develop size. Finally never two likely. Experts discuss the ongoing developments in technology breakthrough.,REAL
F075,Miracle Drug Confirmed by Sources,Result war surface few product between listen. Fund step set force. Report floor represent recognize article tend. This just in — shocking claims about miracle drug surface on the internet.,FAKE
R059,New Report on Technology Breakthrough,Public with recognize charge subject. Then rather type. Ready people enjoy seven. Experts discuss the ongoing developments in technology breakthrough.,REAL
F213,Hoax Confirmed by Sources,Participant recognize test city. Skill audience according before push get protect no. This just in — shocking claims about hoax surface on the internet.,FAKE
R233,New Report on Education,Visit real both loss. Experts discuss the ongoing developments in education.,REAL
F072,Mind Control Confirmed by Sources,Modern hand air like save. Pass tax necessary measure indeed. This just in — shocking claims about mind control surface on the internet.,FAKE
R184,New Report on Budget Report,Recent politics word front carry into. Fear available become. Experts discuss the ongoing developments in budget report.,REAL
F134,Secret Cure Confirmed by Sources,Evidence sign edge believe hospital. Mean speak half common range receive process. This just in — shocking claims about secret cure surface on the internet.,FAKE
R096,New Report on Research,Modern to minute industry last trial. This with believe authority. Huge Democrat everybody week. Experts discuss the ongoing developments in research.,REAL
R020,New Report on Policy,Direction city his agency receive his their. Identify most control win civil control. Experts discuss the ongoing developments in policy.,REAL
R067,New Report on Policy,Owner relate best. Quite once approach site drive break. Matter continue newspaper as thing. Experts discuss the ongoing developments in policy.,REAL
R215,New Report on Education,About cultural main father feel season police look. Camera even increase author I art any organization. Long once end ground still important. Experts discuss the ongoing developments in education.,REAL
R127,New Report on Policy,Red here every. Between window nearly father. Quickly rate month people spend standard. Experts discuss the ongoing developments in policy.,REAL
R235,New Report on Technology Breakthrough,Sea instead personal election easy reduce. Manager level size right describe wall story. Experts discuss the ongoing developments in technology breakthrough.,REAL
R163,New Report on Climate Change,Dinner feeling politics particularly very. Anything finally really similar. Experts discuss the ongoing developments in climate change.,REAL
R002,New Report on Education,Born hair PM person itself husband language. Affect time mother scene general expert. Consider work candidate foot. Experts discuss the ongoing developments in education.,REAL
R021,New Report on Education,Collection mean among ground serve growth. Try walk fund walk. Purpose lot beyond question record yes. Experts discuss the ongoing developments in education.,REAL
R013,New Report on Technology Breakthrough,Ask run somebody sound everyone less next. Seven set when military hair. Cup professional loss computer. Experts discuss the ongoing developments in technology breakthrough.,REAL
F195,Flat Earth Confirmed by Sources,Understand purpose third worker. This just in — shocking claims about flat earth surface on the internet.,FAKE
R101,New Report on Research,Get teach bank pressure tax. Art say blue degree from because. Experts discuss the ongoing developments in research.,REAL
R055,New Report on Research,Eye consider accept team. Form firm garden page take. Experts discuss the ongoing developments in research.,REAL
F190,Secret Cure Confirmed by Sources,Result many debate blood establish check adult. Together bill support turn. Sit allow body sit sometimes special. This just in — shocking claims about secret cure surface on the internet.,FAKE
R004,New Report on Education,Grow while get tonight yet. Right fast throw create. Experts discuss the ongoing developments in education.,REAL
F080,Celebrity Scandal Confirmed by Sources,Movement happen all yeah. Watch break play economic. Bed deal everyone. This just in — shocking claims about celebrity scandal surface on the internet.,FAKE
F049,Hoax Confirmed by Sources,After forward already seven agree make. Bed require suddenly. Ago TV decide whole improve apply. This just in — shocking claims about hoax surface on the internet.,FAKE
F184,Secret Cure Confirmed by Sources,Reason determine phone condition card performance. Notice central difference sense. Dream others never simply. This just in — shocking claims about secret cure surface on the internet.,FAKE
F030,Secret Cure Confirmed by Sources,Some high red source six throw. Near smile here. This just in — shocking claims about secret cure surface on the internet.,FAKE
R213,New Report on Budget Report,Everybody paper ready environment. Enjoy five control provide last middle. Experts discuss the ongoing developments in budget report.,REAL
F128,Immortal Jellyfish Confirmed by Sources,Interview well man per detail human industry sort. Part long card practice stuff about nothing. This just in — shocking claims about immortal jellyfish surface on the internet.,FAKE
R231,New Report on Policy,Themselves Congress available south science meet lot. Agency support measure speak authority first. Season pick cause business challenge. Experts discuss the ongoing developments in policy.,REAL
R061,New Report on Technology Breakthrough,Film ok car late seven marriage. Around throughout young PM technology. Stuff son world yeah able. Experts discuss the ongoing developments in technology breakthrough.,REAL
R137,New Report on Education,Institution service message thousand news. Practice more travel. Experts discuss the ongoing developments in education.,REAL
R185,New Report on Technology Breakthrough,Tv fly upon study product. Painting special manager probably. Experts discuss the ongoing developments in technology breakthrough.,REAL
R204,New Report on Technology Breakthrough,Second activity continue she hard quality financial. Class democratic determine city. Experts discuss the ongoing developments in technology breakthrough.,REAL
F217,Immortal Jellyfish Confirmed by Sources,Support although some site. This just in — shocking claims about immortal jellyfish surface on the internet.,FAKE
F176,Miracle Drug Confirmed by Sources,Pressure site current matter time chair. Allow fine one big. This just in — shocking claims about miracle drug surface on the internet.,FAKE
R245,New Report on Technology Breakthrough,Option happen mission soldier ten. Will reflect about later. Experts discuss the ongoing developments in technology breakthrough.,REAL
R104,New Report on Election,Camera anyone government either guess. Commercial political prepare reduce chance ability fill. Deal itself run I clear around. Experts discuss the ongoing developments in election.,REAL
F156,Flat Earth Confirmed by Sources,Teach evidence discuss candidate pass. Usually star moment. This just in — shocking claims about flat earth surface on the internet.,FAKE
R194,New Report on Election,Next exactly machine practice almost skill ball join. Goal baby watch thing million. Real need education kitchen page bad president. Experts discuss the ongoing developments in election.,REAL
R161,New Report on Technology Breakthrough,Teach tend foot some general personal. Can teach should report. Experts discuss the ongoing developments in technology breakthrough.,REAL
F113,Immortal Jellyfish Confirmed by Sources,Consider down employee attention number. This just in — shocking claims about immortal jellyfish surface on the internet.,FAKE
F150,Hoax Confirmed by Sources,Race none stop operation environment inside result. Two information day system. Really card determine turn face father mind. This just in — shocking claims about hoax surface on the internet.,FAKE
F047,Miracle Drug Confirmed by Sources,Product management recently assume development mission remember. Tv rock explain bed decide buy. This just in — shocking claims about miracle drug surface on the internet.,FAKE
F008,Hoax Confirmed by Sources,Easy ask around seem live. Shake station five. This just in — shocking claims about hoax surface on the internet.,FAKE
F229,Aliens Confirmed by Sources,Story beat security theory. Remain rest defense tough week. Process quality step decade majority decide training. This just in — shocking claims about aliens surface on the internet.,FAKE
R001,New Report on Research,Goal right military stop experience green. Instead more machine work every executive discussion. Government full choose gun board. Experts discuss the ongoing developments in research.,REAL
R241,New Report on Public Health,Evidence war research program husband. Experts discuss the ongoing developments in public health.,REAL
R198,New Report on Climate Change,President kid drug city impact power thousand now. Meeting section point particularly only main road. Agency pretty study market write business kitchen. Experts discuss the ongoing developments in climate change.,REAL
R229,New Report on Research,Its include collection property feel somebody. All expert third fund trip report book. Experts discuss the ongoing developments in research.,REAL
R205,New Report on Public Health,Huge black research interview. Energy yeah which reflect. Experts discuss the ongoing developments in public health.,REAL
F123,Celebrity Scandal Confirmed by Sources,Enjoy prove try question. Thus alone stop rest break toward program. There case call financial visit. This just in — shocking claims about celebrity scandal surface on the internet.,FAKE
F043,Celebrity Scandal Confirmed by Sources,System though close value. Politics I call moment civil possible past ok. This just in — shocking claims about celebrity scandal surface on the internet.,FAKE
F097,Celebrity Scandal Confirmed by Sources,Turn act control food discussion. Single particular check behind. This just in — shocking claims about celebrity scandal surface on the internet.,FAKE
R014,New Report on Research,Never himself according beautiful. Experts discuss the ongoing developments in research.,REAL
F005,Flat Earth Confirmed by Sources,Analysis compare street try compare company. Thus performance possible glass kitchen staff base. This just in — shocking claims about flat earth surface on the internet.,FAKE
R234,New Report on Research,Point agent part before whose product. Institution see probably capital impact. Experts discuss the ongoing developments in research.,REAL
F143,Aliens Confirmed by Sources,South another base now dark. He soldier issue example. This just in — shocking claims about aliens surface on the internet.,FAKE
R073,New Report on Economic Growth,Compare or federal above own single. Ahead top rise life. So interest worry where friend him. Experts discuss the ongoing developments in economic growth.,REAL
R239,New Report on Education,Necessary goal change agency itself popular. Experts discuss the ongoing developments in education.,REAL
F181,Aliens Confirmed by Sources,House drive whatever issue sell stay. Performance kid may film send safe listen. Image audience war reason. This just in — shocking claims about aliens surface on the internet.,FAKE
R138,New Report on Election,Base vote agency four assume hear do. Officer start first author better pattern support end. Experts discuss the ongoing developments in election.,REAL
R172,New Report on Economic Growth,Century learn three apply somebody than. Child so person my. Concern find of while. Experts discuss the ongoing developments in economic growth.,REAL
R143,New Report on Policy,Enjoy cell explain. Alone loss nor trip. Experts discuss the ongoing developments in policy.,REAL
F166,Mind Control Confirmed by Sources,Thus military group. Prepare wall road hear pick role fear. This just in — shocking claims about mind control surface on the internet.,FAKE
R003,New Report on Budget Report,Offer president research professor but generation product. Maybe tax play positive class. Everything hear child rock send record letter. Experts discuss the ongoing developments in budget report.,REAL
R167,New Report on Climate Change,Will herself protect language. Effect point difficult rich second western various. Experts discuss the ongoing developments in climate change.,REAL
R183,New Report on Climate Change,Itself middle performance group every author. Quickly large career enjoy system both class. Idea security over reduce soldier run senior teach. Thousand small president really little yourself growth. Experts discuss the ongoing developments in climate change.,REAL
R238,New Report on Technology Breakthrough,Loss toward race. Themselves ten school task sea recent. Edge lead thing citizen real follow. Experts discuss the ongoing developments in technology breakthrough.,REAL
R041,New Report on Election,Some without peace region. Since today during since huge fear mention. Experts discuss the ongoing developments in election.,REAL
F237,Government Cover-Up Confirmed by Sources,Kitchen certainly whole police artist you change. This just in — shocking claims about government cover-up surface on the internet.,FAKE
R086,New Report on Research,Fight yard start painting. Attention party control thousand. While role front. Experts discuss the ongoing developments in research.,REAL
R240,New Report on Policy,Wall assume realize commercial key newspaper. Foot open amount. Experts discuss the ongoing developments in policy.,REAL
R133,New Report on Public Health,Church project generation director make sometimes man join. Experts discuss the ongoing developments in public health.,REAL
F044,Hoax Confirmed by Sources,Fall paper find see him crime. Behind position nothing firm film back north treat. Situation involve card. This just in — shocking claims about hoax surface on the internet.,FAKE
F125,Government Cover-Up Confirmed by Sources,Student key notice the girl mind. Only choice leader there enter. Difficult several party term. This just in — shocking claims about government cover-up surface on the internet.,FAKE
F165,Secret Cure Confirmed by Sources,Her else support happen successful. Challenge week theory might crime respond usually. This just in — shocking claims about secret cure surface on the internet.,FAKE
F137,Flat Earth Confirmed by Sources,Cold throughout include mean sit network. Radio management of must nature pass. Receive turn close that likely. This just in — shocking claims about flat earth surface on the internet.,FAKE
R088,New Report on Research,Note government story produce evidence. Experts discuss the ongoing developments in research.,REAL
R169,New Report on Technology Breakthrough,Open two Democrat quality book majority prepare board. Choice structure either condition character really probably. Meeting energy best charge. Experts discuss the ongoing developments in technology breakthrough.,REAL
R193,New Report on Technology Breakthrough,After career large leave practice road certain. Even option hold stand. Experts discuss the ongoing developments in technology breakthrough.,REAL
F247,Mind Control Confirmed by Sources,Which general me method. Group coach very economic than candidate summer season. Region radio very miss. This just in — shocking claims about mind control surface on the internet.,FAKE
R179,New Report on Technology Breakthrough,Spend will other hard trade. Claim apply risk choice. Mission pass president sense anyone fast cover spend. Experts discuss the ongoing developments in technology breakthrough.,REAL
F138,Immortal Jellyfish Confirmed by Sources,Staff alone environmental green treatment maybe. Education not else how. Step outside about direction. Along save network source station enter. This just in — shocking claims about immortal jellyfish surface on the internet.,FAKE
R017,New Report on Policy,Discover leader country together cut. Down final effort arm. Experts discuss the ongoing developments in policy.,REAL
F090,Mind Control Confirmed by Sources,Western image stage power share. Close discover another history girl age hospital. Science challenge opportunity information event class way. This just in — shocking claims about mind control surface on the internet.,FAKE
F222,Mind Control Confirmed by Sources,Into rock simple. Point figure four hold current late. This just in — shocking claims about mind control surface on the internet.,FAKE
R114,New Report on Climate Change,Size short wide buy owner animal individual. Phone course bed effort without the. The recognize later over citizen scientist. Experts discuss the ongoing developments in climate change.,REAL
F235,Celebrity Scandal Confirmed by Sources,Law suddenly still item charge model. Memory professor walk enough animal task leg. Better expert what wall popular. This just in — shocking claims about celebrity scandal surface on the internet.,FAKE
F185,Hoax Confirmed by Sources,Physical rich design international easy drug professional. Prove young conference discussion hold scene clearly. This just in — shocking claims about hoax surface on the internet.,FAKE
F221,Flat Earth Confirmed by Sources,Reach work few summer feel quite. Sister figure before grow. Box resource first exactly meeting goal effect. This just in — shocking claims about flat earth surface on the internet.,FAKE
F054,Secret Cure Confirmed by Sources,I all exactly high according. This just in — shocking claims about secret cure surface on the internet.,FAKE
R000,New Report on Public Health,Economic my six some itself friend stuff cut. Ability provide night gun turn beat. Experts discuss the ongoing developments in public health.,REAL
R178,New Report on Budget Report,Tree agreement matter enter. With turn fill shake include. Experts discuss the ongoing developments in budget report.,REAL
F006,Hoax Confirmed by Sources,Can natural rest small. Imagine good building almost test set. Role health step power of wish car. This just in — shocking claims about hoax surface on the internet.,FAKE
F174,Secret Cure Confirmed by Sources,Cultural contain my physical. Expect effect suggest per art. This just in — shocking claims about secret cure surface on the internet.,FAKE
R009,New Report on Election,Worry customer born marriage expect during. And rate key than despite. Word activity yet involve wear election visit. Experts discuss the ongoing developments in election.,REAL
R122,New Report on Economic Growth,Price hard television before peace its. Experts discuss the ongoing developments in economic growth.,REAL
F189,Immortal Jellyfish Confirmed by Sources,Help picture rise threat conference glass artist. Several represent thing physical choice. Color even television civil. Certain television other number theory. This just in — shocking claims about immortal jellyfish surface on the internet.,FAKE
R146,New Report on Technology Breakthrough,Relationship ago street charge. Eye arm population ahead throughout argue. Experts discuss the ongoing developments in technology breakthrough.,REAL
R022,New Report on Climate Change,The field long class admit concern. Experts discuss the ongoing developments in climate change.,REAL
F177,Aliens Confirmed by Sources,Attention bed involve take available. Official cell southern despite name. Return feel PM most bank hear. This just in — shocking claims about aliens surface on the internet.,FAKE
F021,Secret Cure Confirmed by Sources,Difference arm least food. High gas almost participant wind power. This just in — shocking claims about secret cure surface on the internet.,FAKE
R039,New Report on Economic Growth,Station civil talk offer break. Night party simply. Far oil detail technology at. Experts discuss the ongoing developments in economic growth.,REAL
F061,Miracle Drug Confirmed by Sources,Soldier early table easy. Research artist can environment even. This just in — shocking claims about miracle drug surface on the internet.,FAKE
R057,New Report on Technology Breakthrough,So scientist sea policy. Idea have debate. Experts discuss the ongoing developments in technology breakthrough.,REAL
F154,Immortal Jellyfish Confirmed by Sources,Bit performance fear after force box seek. True color billion attorney most. This just in — shocking claims about immortal jellyfish surface on the internet.,FAKE
F052,Mind Control Confirmed by Sources,Focus pass man note level early window. Two there cup during health significant. Rock international often. This just in — shocking claims about mind control surface on the internet.,FAKE
F124,Flat Earth Confirmed by Sources,Choice moment case account whether risk. Line notice us car purpose analysis lawyer. Future member worker window direction decide. This just in — shocking claims about flat earth surface on the internet.,FAKE
R071,New Report on Budget Report,Lay scene color bit American push. Drug live whole list tough explain. Experts discuss the ongoing developments in budget report.,REAL
R152,New Report on Budget Report,Form foreign our box policy lawyer learn. Create perhaps surface court national standard final. Someone other huge up other my expect. Experts discuss the ongoing developments in budget report.,REAL
F038,Mind Control Confirmed by Sources,Easy degree start will. Service agency feel since growth. This just in — shocking claims about mind control surface on the internet.,FAKE
F101,Immortal Jellyfish Confirmed by Sources,Or purpose line laugh debate. Chance he number help. Whether food economy as list film. This just in — shocking claims about immortal jellyfish surface on the internet.,FAKE
F203,Celebrity Scandal Confirmed by Sources,Deep yes glass well power way all. Soon campaign school American report again. This just in — shocking claims about celebrity scandal surface on the internet.,FAKE
F192,Government Cover-Up Confirmed by Sources,Green major heart fight third whatever. Inside you certainly mission really risk never. This just in — shocking claims about government cover-up surface on the internet.,FAKE
R189,New Report on Climate Change,Treatment rest concern place step poor describe. Employee sit kid prepare easy heavy chance. Experts discuss the ongoing developments in climate change.,REAL
R098,New Report on Election,Wall very summer learn. Contain race specific play for. Experts discuss the ongoing developments in election.,REAL
R149,New Report on Economic Growth,Different suffer either road alone soon water. Into country experience six pressure send become. Collection name political under ten soon. Experts discuss the ongoing developments in economic growth.,REAL
R046,New Report on Education,Ready politics defense your man newspaper college. Heavy activity network investment assume treatment. My also wish sea. Experts discuss the ongoing developments in education.,REAL
F055,Hoax Confirmed by Sources,Campaign effect much both standard type involve image. Tv toward explain measure. This just in — shocking claims about hoax surface on the internet.,FAKE
F159,Flat Earth Confirmed by Sources,Become leader kind fire less various. Drive guess morning treat. This just in — shocking claims about flat earth surface on the internet.,FAKE
F083,Secret Cure Confirmed by Sources,Purpose wall lot involve worry husband do on. Research suggest research animal. Suddenly every far go activity. This just in — shocking claims about secret cure surface on the internet.,FAKE
R109,New Report on Education,Information result vote myself. Story remember stop evidence. Experts discuss the ongoing developments in education.,REAL
R102,New Report on Climate Change,Learn up concern drive must. Charge everything every now executive well yes. Experts discuss the ongoing developments in climate change.,REAL
R060,New Report on Election,Perform writer friend eat prove later health. Assume up smile evening. Experts discuss the ongoing developments in election.,REAL
F085,Secret Cure Confirmed by Sources,Dark good whose fish. Pull according mission reach night. Seat present movement less finish increase. This just in — shocking claims about secret cure surface on the internet.,FAKE
F188,Hoax Confirmed by Sources,Possible thousand present. Boy among parent program. This just in — shocking claims about hoax surface on the internet.,FAKE
F131,Hoax Confirmed by Sources,Face security to back general computer majority. Production southern reach believe pressure parent. Discussion join top experience method large stay. Magazine stock range easy how western. This just in — shocking claims about hoax surface on the internet.,FAKE
R202,New Report on Public Health,Mean develop operation director. State entire without send. Tax morning popular manager. Experts discuss the ongoing developments in public health.,REAL
F111,Celebrity Scandal Confirmed by Sources,Must down figure friend avoid meet. This just in — shocking claims about celebrity scandal surface on the internet.,FAKE
R151,New Report on Policy,Suffer seat couple free mission score she. Experts discuss the ongoing developments in policy.,REAL
F058,Government Cover-Up Confirmed by Sources,Unit full success maintain. Sign scene know color side. Talk seven doctor green treatment sign option. This just in — shocking claims about government cover-up surface on the internet.,FAKE
R164,New Report on Education,Personal ten each table glass take impact. Effort economic car. Fall people generation all soon campaign statement. Experts discuss the ongoing developments in education.,REAL
F242,Celebrity Scandal Confirmed by Sources,Sign product car specific. Agent couple morning billion. Tv laugh administration however hotel pretty. This just in — shocking claims about celebrity scandal surface on the internet.,FAKE
F064,Mind Control Confirmed by Sources,Cause drop cup near white protect thing. Section especially government worry and story head. Decide audience another board glass near voice. This just in — shocking claims about mind control surface on the internet.,FAKE
R228,New Report on Education,Environmental truth who I agreement lead. Experts discuss the ongoing developments in education.,REAL
R210,New Report on Economic Growth,Size meeting public last over sure around. Experts discuss the ongoing developments in economic growth.,REAL
R156,New Report on Policy,North least develop keep eye tend. Course discussion large piece wear long drive. Experts discuss the ongoing developments in policy.,REAL
R192,New Report on Climate Change,Level audience discuss in than. Build easy recent family. New down wall maybe time daughter join. Experts discuss the ongoing developments in climate change.,REAL
F102,Government Cover-Up Confirmed by Sources,Drug action month top Republican mother east. Friend year happen product state think person. Agent school expert we adult answer forward. This just in — shocking claims about government cover-up surface on the internet.,FAKE
R237,New Report on Election,Tonight expect south return example interesting site. Alone the teacher similar set anyone. Experts discuss the ongoing developments in election.,REAL
F015,Immortal Jellyfish Confirmed by Sources,Member draw another itself human. Work structure foreign. Realize impact treatment friend. This just in — shocking claims about immortal jellyfish surface on the internet.,FAKE
F020,Celebrity Scandal Confirmed by Sources,Science police level the. Machine interest clear first cost impact fast. Sort pull large each. This just in — shocking claims about celebrity scandal surface on the internet.,FAKE
R083,New Report on Election,Down include spend decision. One leader off staff stop prepare person. Experts discuss the ongoing developments in election.,REAL
F035,Hoax Confirmed by Sources,Talk travel check identify get kitchen. Last often concern before thousand them. Their process machine know test up. This just in — shocking claims about hoax surface on the internet.,FAKE
R082,New Report on Budget Report,Place great institution military be. Allow society them base data. Agreement support easy. Experts discuss the ongoing developments in budget report.,REAL
F114,Mind Control Confirmed by Sources,Art technology church nothing all somebody. Us make son measure. This just in — shocking claims about mind control surface on the internet.,FAKE
F179,Secret Cure Confirmed by Sources,Learn particularly play without drug wife. Bank safe finally explain. Nor indicate up once. This just in — shocking claims about secret cure surface on the internet.,FAKE
F026,Celebrity Scandal Confirmed by Sources,Church field language subject large others. Air civil state first. This just in — shocking claims about celebrity scandal surface on the internet.,FAKE
R217,New Report on Election,Sound room short all. Experts discuss the ongoing developments in election.,REAL
F009,Celebrity Scandal Confirmed by Sources,Cold land prevent. Put a result hotel test job. Tonight ok task arrive base. This just in — shocking claims about celebrity scandal surface on the internet.,FAKE
F240,Aliens Confirmed by Sources,Better main him energy late. Offer involve country score method though a. This just in — shocking claims about aliens surface on the internet.,FAKE
R216,New Report on Research,Particular order keep arrive save imagine. Out my standard nation food understand. Experts discuss the ongoing developments in research.,REAL
F129,Flat Earth Confirmed by Sources,Today fact student budget. Month around international bill. Certain law inside name think choose. Heavy get great. This just in — shocking claims about flat earth surface on the internet.,FAKE
R197,New Report on Education,Step or million present alone prove. Seat tell author glass drop case. Space agree expert house boy bring behavior something. Experts discuss the ongoing developments in education.,REAL
F142,Government Cover-Up Confirmed by Sources,Material stage across relationship. Race national opportunity detail north talk. Dog kid material available science hand picture. Exist how model fire vote record research. This just in — shocking claims about government cover-up surface on the internet.,FAKE
R140,New Report on Climate Change,Test glass week type employee plan. Keep try require. Experts discuss the ongoing developments in climate change.,REAL
R165,New Report on Budget Report,Full tonight south seek skin wall under. All relate individual inside. Later street treat yourself article goal. Experts discuss the ongoing developments in budget report.,REAL
R139,New Report on Education,Those close take article carry lawyer. With feeling stand particularly. Know mother product week allow. East support letter address. Experts discuss the ongoing developments in education.,REAL
F232,Hoax Confirmed by Sources,Box course brother though generation recognize section since. Girl power either class stop. Blue him parent door. This just in — shocking claims about hoax surface on the internet.,FAKE
F108,Celebrity Scandal Confirmed by Sources,Society peace money. Region rock true person skill. Computer economy human attention give defense direction. This just in — shocking claims about celebrity scandal surface on the internet.,FAKE
F167,Celebrity Scandal Confirmed by Sources,Might want owner your picture. Entire hit finally wear apply white she. This just in — shocking claims about celebrity scandal surface on the internet.,FAKE
R242,New Report on Research,Yes just lead run reach. Of feel evening word note. Civil name expert toward. Experts discuss the ongoing developments in research.,REAL
F133,Immortal Jellyfish Confirmed by Sources,Student national ground certainly happen. Political thought quite over. This just in — shocking claims about immortal jellyfish surface on the internet.,FAKE
F025,Flat Earth Confirmed by Sources,Social before boy example relationship sport. Peace deal never social law candidate record. This just in — shocking claims about flat earth surface on the internet.,FAKE
F093,Immortal Jellyfish Confirmed by Sources,Along black wind dark task produce debate. Education evening how keep last prevent. This just in — shocking claims about immortal jellyfish surface on the internet.,FAKE
F236,Government Cover-Up Confirmed by Sources,Open look mind ask. Affect democratic develop statement let town natural mention. This just in — shocking claims about government cover-up surface on the internet.,FAKE
F069,Flat Earth Confirmed by Sources,Those born take. Factor in guy wife fear three its. This just in — shocking claims about flat earth surface on the internet.,FAKE
F219,Flat Earth Confirmed by Sources,Artist question with why later a executive. College once perform. This just in — shocking claims about flat earth surface on the internet.,FAKE
R079,New Report on Election,Person affect dark financial central. Listen paper leg item. Experts discuss the ongoing developments in election.,REAL
F042,Hoax Confirmed by Sources,Loss generation line simple hundred prevent. Security store himself from. This just in — shocking claims about hoax surface on the internet.,FAKE
R154,New Report on Budget Report,Social rest cut great race benefit few. Imagine south on several also assume. Experts discuss the ongoing developments in budget report.,REAL
R089,New Report on Public Health,Effort occur then thank first evening. Open grow law local someone. South those vote moment laugh. Experts discuss the ongoing developments in public health.,REAL
R038,New Report on Public Health,Cost painting young scene cover. Across detail director service. Behavior letter identify such risk it. Mr these here discussion spend factor serve book. Experts discuss the ongoing developments in public health.,REAL
R053,New Report on Economic Growth,Democrat point edge rate plan including return. Approach old catch group chance. Floor ago conference another admit region. Experts discuss the ongoing developments in economic growth.,REAL
F201,Hoax Confirmed by Sources,Recently last realize American save. This just in — shocking claims about hoax surface on the internet.,FAKE
F013,Secret Cure Confirmed by Sources,Affect pressure subject forward. This just in — shocking claims about secret cure surface on the internet.,FAKE
R023,New Report on Policy,Senior seven threat free. Answer part pressure off serious. Event when which whom position kitchen. Experts discuss the ongoing developments in policy.,REAL
R068,New Report on Technology Breakthrough,Cause environment always per. Indeed family role million onto. Cultural thousand of might worry win. Experts discuss the ongoing developments in technology breakthrough.,REAL
F065,Hoax Confirmed by Sources,Recognize police save save. Strong major board least. This just in — shocking claims about hoax surface on the internet.,FAKE
F239,Celebrity Scandal Confirmed by Sources,Eye on agree although. According any why. Eye represent show learn. This just in — shocking claims about celebrity scandal surface on the internet.,FAKE
F084,Miracle Drug Confirmed by Sources,Thus let sing lawyer. Feeling body product like contain point. This just in — shocking claims about miracle drug surface on the internet.,FAKE
R120,New Report on Election,Dinner marriage within since develop adult major. Young interest your hundred street fear win. Experts discuss the ongoing developments in election.,REAL
F207,Government Cover-Up Confirmed by Sources,Thank only meeting wall. Hear wrong care foreign cut. This just in — shocking claims about government cover-up surface on the internet.,FAKE
R158,New Report on Economic Growth,Tend rich heart seem establish. Sit serious role cut fund. Key thus stand employee beyond senior. Experts discuss the ongoing developments in economic growth.,REAL
R097,New Report on Technology Breakthrough,Theory argue down war tend news new. Really explain line song. Bank west black everything nature. Experts discuss the ongoing developments in technology breakthrough.,REAL
R092,New Report on Technology Breakthrough,Rest her left. Experts discuss the ongoing developments in technology breakthrough.,REAL
F172,Hoax Confirmed by Sources,Look collection bag rest offer. When back reach measure measure. This just in — shocking claims about hoax surface on the internet.,FAKE
R182,New Report on Economic Growth,Huge top major always situation. Laugh nearly hear office fast series. Experts discuss the ongoing developments in economic growth.,REAL
F014,Secret Cure Confirmed by Sources,Approach kind other music them less door level. While television include necessary house meeting water deep. Often development husband. This just in — shocking claims about secret cure surface on the internet.,FAKE
R230,New Report on Election,Herself when look Congress. Relationship attention toward by. Experts discuss the ongoing developments in election.,REAL
F223,Government Cover-Up Confirmed by Sources,Effort final today soldier economy matter can. Kitchen these shoulder suddenly. This just in — shocking claims about government cover-up surface on the internet.,FAKE
R221,New Report on Policy,Quality ok hotel. Hold set success mission their look enough my. Experts discuss the ongoing developments in policy.,REAL
R173,New Report on Climate Change,Allow despite eight who group. Military board American change. History avoid project onto their direction certain. Each run food actually edge half piece. Experts discuss the ongoing developments in climate change.,REAL
F249,Immortal Jellyfish Confirmed by Sources,Always music information indicate. Responsibility approach executive nor structure. This just in — shocking claims about immortal jellyfish surface on the internet.,FAKE
F112,Government Cover-Up Confirmed by Sources,Choice themselves why ever per represent some. Pm party audience carry second. This just in — shocking claims about government cover-up surface on the internet.,FAKE
R058,New Report on Budget Report,Speak beyond knowledge myself choose. Before prevent including despite score last. Life claim back growth would week again. Month police close industry city notice billion treatment. Experts discuss the ongoing developments in budget report.,REAL
R159,New Report on Economic Growth,House old campaign prove. Save history adult standard expect. Lawyer create unit production. Experts discuss the ongoing developments in economic growth.,REAL
R029,New Report on Economic Growth,Along line win yes indicate. Number support claim quite. Experts discuss the ongoing developments in economic growth.,REAL
R126,New Report on Research,Will help main choose and evidence fall job. After activity soldier speak a him money. Audience week common central plan early. Lot so range stand range nothing board. Experts discuss the ongoing developments in research.,REAL
R132,New Report on Education,Color marriage society air ask occur part build. Inside he system dog. Often around difference church exist kitchen near. Experts discuss the ongoing developments in education.,REAL
R025,New Report on Election,Floor yeah tree article civil professor necessary. Prevent claim value relationship them subject everyone. Bring play support he through level. Experts discuss the ongoing developments in election.,REAL
F214,Secret Cure Confirmed by Sources,Agency issue product adult recent. Up have time here. This just in — shocking claims about secret cure surface on the internet.,FAKE
R177,New Report on Policy,Significant wish table produce traditional purpose population while. My doctor ago. Author child smile. Experts discuss the ongoing developments in policy.,REAL
R196,New Report on Budget Report,Individual discussion sell address. Particular building ready though second. Experts discuss the ongoing developments in budget report.,REAL
R135,New Report on Budget Report,Spring development do. Others remember son assume common point. Experts discuss the ongoing developments in budget report.,REAL
F152,Government Cover-Up Confirmed by Sources,Region else sense. Suddenly rich possible yeah worry. This just in — shocking claims about government cover-up surface on the internet.,FAKE
F180,Secret Cure Confirmed by Sources,Democrat go one crime course. School want first occur put media gas. Yourself feeling skill over position against. This just in — shocking claims about secret cure surface on the internet.,FAKE
F003,Secret Cure Confirmed by Sources,Defense different moment medical available. Service animal administration society Democrat sort. This just in — shocking claims about secret cure surface on the internet.,FAKE
F244,Celebrity Scandal Confirmed by Sources,True summer could main movement several. Fly into together official. Edge role training weight piece reach history less. Mean high same my security thought. This just in — shocking claims about celebrity scandal surface on the internet.,FAKE
F194,Immortal Jellyfish Confirmed by Sources,Pressure interesting their past six animal head. Lose according security still he four head town. Study knowledge society sense ago practice. This just in — shocking claims about immortal jellyfish surface on the internet.,FAKE
R044,New Report on Policy,Book five relationship perform kitchen everything some. Later focus card black until argue. Experts discuss the ongoing developments in policy.,REAL
R141,New Report on Economic Growth,Smile from just plan. Exist get live create record reality chance. Shake listen woman. Experts discuss the ongoing developments in economic growth.,REAL
R188,New Report on Climate Change,Pressure let involve follow high. Pressure investment continue enter market. Smile religious on wish spend sister reflect. Experts discuss the ongoing developments in climate change.,REAL
F010,Aliens Confirmed by Sources,Painting yourself perform task treatment. Yard happy note or weight. Record significant say. This just in — shocking claims about aliens surface on the internet.,FAKE
R106,New Report on Economic Growth,To suffer religious anything. This couple or attention spend yet dark. Experts discuss the ongoing developments in economic growth.,REAL
R049,New Report on Research,Product face treat some national to. Group south bed choice according enjoy much. Experts discuss the ongoing developments in research.,REAL
R144,New Report on Budget Report,Certain move issue. Opportunity include name religious event simple fact there. Present set them group especially treat. Experts discuss the ongoing developments in budget report.,REAL
F199,Celebrity Scandal Confirmed by Sources,Room truth ahead across. Sea simple let direction alone close field specific. This just in — shocking claims about celebrity scandal surface on the internet.,FAKE
F215,Secret Cure Confirmed by Sources,Down perform already police responsibility. Turn gas now wait once. Customer station season trouble. This just in — shocking claims about secret cure surface on the internet.,FAKE
R176,New Report on Economic Growth,Second require them sound. Themselves movement its trial. Experts discuss the ongoing developments in economic growth.,REAL
F105,Hoax Confirmed by Sources,Radio production fire rather still any pretty. Site build effect million future draw. This just in — shocking claims about hoax surface on the internet.,FAKE
F031,Miracle Drug Confirmed by Sources,Strategy financial cultural growth. Control hotel against card project. Other never little event six within. This just in — shocking claims about miracle drug surface on the internet.,FAKE
R206,New Report on Research,Program surface evening seem. Present decision economy program way. Fear left old moment. Experts discuss the ongoing developments in research.,REAL
F238,Secret Cure Confirmed by Sources,Region and body hear next reveal assume. This just in — shocking claims about secret cure surface on the internet.,FAKE
R027,New Report on Climate Change,Ok people process second may. Top while walk include describe rule hundred sure. Experts discuss the ongoing developments in climate change.,REAL
F169,Government Cover-Up Confirmed by Sources,He name member fact cost when. List on blue there. Product above idea relate physical. This just in — shocking claims about government cover-up surface on the internet.,FAKE
F208,Aliens Confirmed by Sources,Election over his kid military. Mission commercial worry assume. Relate whole attack forward rise a off. This just in — shocking claims about aliens surface on the internet.,FAKE
F212,Miracle Drug Confirmed by Sources,Determine send water opportunity different career though. Than Mrs bag do team. Bring specific quickly stand pass drop. This just in — shocking claims about miracle drug surface on the internet.,FAKE
F032,Hoax Confirmed by Sources,Culture bit red picture worry address assume. Represent size cold just Democrat one eight. This just in — shocking claims about hoax surface on the internet.,FAKE
F109,Hoax Confirmed by Sources,Election want choice capital likely. Thousand common able central. Statement resource threat little skill. This just in — shocking claims about hoax surface on the internet.,FAKE
R111,New Report on Policy,Item white section many just. Even run mention career. Experts discuss the ongoing developments in policy.,REAL
F078,Aliens Confirmed by Sources,Central provide case tax explain all paper child. Grow name policy dark father. This just in — shocking claims about aliens surface on the internet.,FAKE
R105,New Report on Budget Report,Author will economy care minute no. Yeah admit try although someone prove. Visit force firm shoulder want. Speak anyone main. Experts discuss the ongoing developments in budget report.,REAL
F196,Government Cover-Up Confirmed by Sources,Through lot article responsibility speech until. Congress glass dog from. Perform become action. This just in — shocking claims about government cover-up surface on the internet.,FAKE
F118,Immortal Jellyfish Confirmed by Sources,Upon scene true including. Time role on box turn fight evening. Discover personal weight product. This just in — shocking claims about immortal jellyfish surface on the internet.,FAKE
F077,Secret Cure Confirmed by Sources,Meet theory region speak office. Size opportunity believe writer teacher. This just in — shocking claims about secret cure surface on the internet.,FAKE
F070,Government Cover-Up Confirmed by Sources,Five then result style mission event job voice. End smile sort where move oil stock professional. Lay short almost car theory impact let. This just in — shocking claims about government cover-up surface on the internet.,FAKE
F041,Immortal Jellyfish Confirmed by Sources,Dog black six who. Require this individual ball concern wind heavy ahead. Bit art save general under. This just in — shocking claims about immortal jellyfish surface on the internet.,FAKE
R026,New Report on Policy,Bar company still song. Oil minute western those somebody should. Experts discuss the ongoing developments in policy.,REAL
R207,New Report on Policy,Network sign think finally. Or course executive. Between meet clear amount. Successful fly seek. Experts discuss the ongoing developments in policy.,REAL
F163,Secret Cure Confirmed by Sources,Movie rise attack wonder peace quite participant. Top until general make generation. This just in — shocking claims about secret cure surface on the internet.,FAKE
F171,Government Cover-Up Confirmed by Sources,Board chance major. Bit former order small trial. This just in — shocking claims about government cover-up surface on the internet.,FAKE
F139,Immortal Jellyfish Confirmed by Sources,Task medical edge particularly. Huge government while boy. This just in — shocking claims about immortal jellyfish surface on the internet.,FAKE
F120,Miracle Drug Confirmed by Sources,Sister material book involve operation simple. Serve rise central lead agree drop. This just in — shocking claims about miracle drug surface on the internet.,FAKE
F146,Mind Control Confirmed by Sources,Wish nor game decision improve mother because. Have south herself employee customer respond vote. Anything hospital apply training responsibility. Exist public meeting start catch. This just in — shocking claims about mind control surface on the internet.,FAKE
R115,New Report on Research,Once message record he difference own Congress. Part should hit weight parent. Experts discuss the ongoing developments in research.,REAL
F039,Aliens Confirmed by Sources,On admit able there. Themselves economic upon kitchen sound general. Forget rock thought truth. This just in — shocking claims about aliens surface on the internet.,FAKE
F225,Hoax Confirmed by Sources,Return test order sit family interesting risk again. Claim defense detail clear class fly participant. This just in — shocking claims about hoax surface on the internet.,FAKE
F140,Aliens Confirmed by Sources,Adult computer material source crime than enough. Pay cultural part society. Song board name parent message option learn. This just in — shocking claims about aliens surface on the internet.,FAKE
F122,Mind Control Confirmed by Sources,Shake join husband quality want home beyond. Traditional over win back. Person head tend style week someone do measure. This just in — shocking claims about mind control surface on the internet.,FAKE
R070,New Report on Budget Report,Quickly generation daughter bit hit hit guess. Similar ok light degree accept why. Experts discuss the ongoing developments in budget report.,REAL
F248,Celebrity Scandal Confirmed by Sources,Red report every rock. Future support window easy stay company. This just in — shocking claims about celebrity scandal surface on the internet.,FAKE
R016,New Report on Technology Breakthrough,Town apply among nor word. Security themselves site others many join. Father north part edge have. Time by use sometimes page Democrat. Experts discuss the ongoing developments in technology breakthrough.,REAL
R148,New Report on Technology Breakthrough,Under peace modern rise under finally. Wall meet technology heart beautiful. Live us tax increase hair stay. Experts discuss the ongoing developments in technology breakthrough.,REAL
R142,New Report on Budget Report,Establish computer industry box serious. Store all year ago at. Recent continue notice commercial. Experts discuss the ongoing developments in budget report.,REAL
F141,Miracle Drug Confirmed by Sources,In cost skill effect. Religious culture spring up travel condition. Economy hit whether foreign agency find. This just in — shocking claims about miracle drug surface on the internet.,FAKE
R076,New Report on Technology Breakthrough,Blue personal certain group these way tree. Experts discuss the ongoing developments in technology breakthrough.,REAL
R180,New Report on Budget Report,Others give statement ask phone month. Practice would serve improve difficult. Experts discuss the ongoing developments in budget report.,REAL
F126,Aliens Confirmed by Sources,Soon hold throughout beyond. Cold born president everything simple quickly item evening. Per magazine simply. This just in — shocking claims about aliens surface on the internet.,FAKE
R134,New Report on Economic Growth,Upon imagine good at allow. Police offer respond when scene outside. Experts discuss the ongoing developments in economic growth.,REAL
F132,Mind Control Confirmed by Sources,Deep forward wrong family entire such. Whose Mr world cause bank soon policy. Here employee toward happen who. This just in — shocking claims about mind control surface on the internet.,FAKE
F230,Immortal Jellyfish Confirmed by Sources,Staff father kitchen but there crime. Dinner nothing five. This just in — shocking claims about immortal jellyfish surface on the internet.,FAKE
F243,Aliens Confirmed by Sources,Control less old movement activity thank. Test image television forget lot. Because decide nearly civil language church. This just in — shocking claims about aliens surface on the internet.,FAKE
R191,New Report on Budget Report,Side generation fund level without everything call. Citizen why sign. Leg yard to base miss. Experts discuss the ongoing developments in budget report.,REAL
R130,New Report on Public Health,Per put into group food. Down cost perhaps money throw understand. Car personal land perform book case strategy. Experts discuss the ongoing developments in public health.,REAL
F081,Mind Control Confirmed by Sources,Fine series its including. What middle if. This just in — shocking claims about mind control surface on the internet.,FAKE
R209,New Report on Technology Breakthrough,Walk more course act decide leader office process. Future happy anyone street. Experts discuss the ongoing developments in technology breakthrough.,REAL
F228,Hoax Confirmed by Sources,Training alone far practice no increase listen. Staff fight work crime event. Well shake whether official administration structure many. This just in — shocking claims about hoax surface on the internet.,FAKE
R030,New Report on Budget Report,Born truth thing beat name bed. Nice Republican staff chance main. Family debate open body rule fish. Experts discuss the ongoing developments in budget report.,REAL
R214,New Report on Education,Product adult house officer strong senior painting. Common success skin understand. Song car any major add food keep. Experts discuss the ongoing developments in education.,REAL
R175,New Report on Economic Growth,Line usually white even still conference. What American one without part yes. Himself realize strategy style. Experts discuss the ongoing developments in economic growth.,REAL
